<?xml version="1.0" encoding="UTF-8"?>
<!DOCTYPE hibernate-mapping PUBLIC 
    "-//Hibernate/Hibernate Mapping DTD 3.0//EN"
    "http://www.hibernate.org/dtd/hibernate-mapping-3.0.dtd">
 <hibernate-mapping package = "com.sikiedu.domain">
 	<class name="Paste" table="paste">
 		
 		<id name="id">
 			<generator class="uuid"></generator>
 		</id>
 		
 		<!--private String title;
			private String content;
			private Integer offer;
			private Integer ansnum;
			private String createtime;
			private Integer glanceover;
			//是否结帖
			private Integer solve;
			private Integer isdelete;-->
 		
 		<property name="title" column="title"></property>
 		<property name="content" column="content"></property>
 		<property name="offer" column="offer"></property>
 		<property name="ansnum" column="ansnum"></property>
 		<property name="createtime" column="createtime"></property>
 		<property name="glanceover" column="glanceover"></property>
 		<property name="solve" column="solve"></property>
 		<property name="isdelete" column="isdelete"></property>
 		<property name="answerid" column="answerid"></property>
 		
 		<many-to-one name="user" class="User" column="userid" insert="true"></many-to-one>
 		
 		<set name="userAnswerSet">
 			<!-- 外键的类名 -->
 			<key column="userid"></key>
 			<!-- 外键的类名的类 -->
 			<one-to-many class="Answer"/>
 		</set>
 		
 	</class>
 
 
 </hibernate-mapping>